{
	"plugin_name": "SimSimi",
	"plugin_scope": "simsimi",
	"plugin_exec": "simsimi.js",
	"command_map": {
		"simsimi": {
			"hargs": "<chat>",
			"hdesc": {
				"en_US": "Talk with SimSimi",
				"vi_VN": "Chửi nhau với SimSimi"
			},
			"fscope": "simfunc",
			"compatibly": 0
		},
		"simteach": {
			"hargs": {
				"en_US": "<\"question\"> <\"response\">",
				"vi_VN": "<\"câu hỏi\"> <\"câu trả lời\">"
			},
			"hdesc": {
				"en_US": "Teach SimSimi how to talk",
				"vi_VN": "Dạy SimSimi cách chửi, đặc biệt là trashtalk"
			},
			"fscope": "simteachfunc",
			"compatibly": 0
		}
	},
	"author": "FuryCS",
	"version": "1.7.1 (Base UIRI)",
	"node_depends": {
		"node-fetch": "",
		"striptags": "",
		"crypto": ""
	},
	"complied_for": "0.3.0"
}